Tarih,Şimdi
31.12.2019,"66,00"
30.12.2019,"68,44"
27.12.2019,"68,16"
26.12.2019,"67,92"
24.12.2019,"67,20"
23.12.2019,"66,39"
20.12.2019,"66,14"
19.12.2019,"66,54"
18.12.2019,"66,17"
17.12.2019,"66,10"
16.12.2019,"65,34"
13.12.2019,"65,22"
12.12.2019,"64,20"
11.12.2019,"63,72"
10.12.2019,"64,34"
09.12.2019,"64,25"
06.12.2019,"64,39"
05.12.2019,"63,39"
04.12.2019,"63,00"
03.12.2019,"60,82"
02.12.2019,"60,92"
29.11.2019,"62,43"
28.11.2019,"63,87"
27.11.2019,"64,06"
26.11.2019,"64,27"
25.11.2019,"63,65"
22.11.2019,"63,39"
21.11.2019,"63,97"
20.11.2019,"62,40"
19.11.2019,"60,91"
18.11.2019,"62,44"
15.11.2019,"63,30"
14.11.2019,"62,28"
13.11.2019,"62,37"
12.11.2019,"62,06"
11.11.2019,"62,18"
08.11.2019,"62,51"
07.11.2019,"62,29"
06.11.2019,"61,74"
05.11.2019,"62,96"
04.11.2019,"62,13"
01.11.2019,"61,69"
31.10.2019,"60,23"
30.10.2019,"60,61"
29.10.2019,"61,59"
28.10.2019,"61,57"
25.10.2019,"62,02"
24.10.2019,"61,67"
23.10.2019,"61,17"
22.10.2019,"59,70"
21.10.2019,"58,96"
18.10.2019,"59,42"
17.10.2019,"59,91"
16.10.2019,"59,42"
15.10.2019,"58,74"
14.10.2019,"59,35"
11.10.2019,"60,51"
10.10.2019,"59,10"
09.10.2019,"58,32"
08.10.2019,"58,24"
07.10.2019,"58,35"
04.10.2019,"58,37"
03.10.2019,"57,71"
02.10.2019,"57,69"
01.10.2019,"58,89"
30.09.2019,"60,78"
27.09.2019,"61,91"
26.09.2019,"62,74"
25.09.2019,"62,39"
24.09.2019,"63,10"
23.09.2019,"64,77"
20.09.2019,"64,28"
19.09.2019,"64,40"
18.09.2019,"63,60"
17.09.2019,"64,55"
16.09.2019,"69,02"
13.09.2019,"60,22"
12.09.2019,"60,38"
11.09.2019,"60,81"
10.09.2019,"62,38"
09.09.2019,"62,59"
06.09.2019,"61,54"
05.09.2019,"60,95"
04.09.2019,"60,70"
03.09.2019,"58,26"
02.09.2019,"58,66"
30.08.2019,"60,43"
29.08.2019,"61,08"
28.08.2019,"60,49"
27.08.2019,"59,51"
26.08.2019,"58,70"
23.08.2019,"59,34"
22.08.2019,"59,92"
21.08.2019,"60,30"
20.08.2019,"60,03"
19.08.2019,"59,74"
16.08.2019,"58,64"
15.08.2019,"58,23"
14.08.2019,"59,48"
13.08.2019,"61,30"
12.08.2019,"58,57"
09.08.2019,"58,53"
08.08.2019,"57,38"
07.08.2019,"56,23"
06.08.2019,"58,94"
05.08.2019,"59,81"
02.08.2019,"61,89"
01.08.2019,"60,50"
31.07.2019,"65,17"
30.07.2019,"64,72"
29.07.2019,"63,71"
26.07.2019,"63,46"
25.07.2019,"63,39"
24.07.2019,"63,18"
23.07.2019,"63,83"
22.07.2019,"63,26"
19.07.2019,"62,47"
18.07.2019,"61,93"
17.07.2019,"63,66"
16.07.2019,"64,35"
15.07.2019,"66,48"
12.07.2019,"66,72"
11.07.2019,"66,52"
10.07.2019,"67,01"
09.07.2019,"64,16"
08.07.2019,"64,11"
05.07.2019,"64,23"
04.07.2019,"63,30"
03.07.2019,"63,82"
02.07.2019,"62,40"
01.07.2019,"65,06"
28.06.2019,"66,55"
27.06.2019,"66,55"
26.06.2019,"66,49"
25.06.2019,"65,05"
24.06.2019,"64,86"
21.06.2019,"65,20"
20.06.2019,"64,45"
19.06.2019,"61,82"
18.06.2019,"62,14"
17.06.2019,"60,94"
14.06.2019,"62,01"
13.06.2019,"61,31"
12.06.2019,"59,97"
11.06.2019,"62,29"
10.06.2019,"62,29"
07.06.2019,"63,29"
06.06.2019,"61,67"
05.06.2019,"60,63"
04.06.2019,"61,97"
03.06.2019,"61,28"
31.05.2019,"64,49"
30.05.2019,"66,87"
29.05.2019,"69,45"
28.05.2019,"70,11"
27.05.2019,"70,11"
24.05.2019,"68,69"
23.05.2019,"67,76"
22.05.2019,"70,99"
21.05.2019,"72,18"
20.05.2019,"71,97"
17.05.2019,"72,21"
16.05.2019,"72,62"
15.05.2019,"71,77"
14.05.2019,"71,24"
13.05.2019,"70,23"
10.05.2019,"70,62"
09.05.2019,"70,39"
08.05.2019,"70,37"
07.05.2019,"69,88"
06.05.2019,"71,24"
03.05.2019,"70,85"
02.05.2019,"70,75"
01.05.2019,"72,18"
30.04.2019,"72,80"
29.04.2019,"72,04"
26.04.2019,"72,15"
25.04.2019,"74,35"
24.04.2019,"74,57"
23.04.2019,"74,51"
22.04.2019,"74,04"
18.04.2019,"71,97"
17.04.2019,"71,62"
16.04.2019,"71,72"
15.04.2019,"71,18"
12.04.2019,"71,55"
11.04.2019,"70,83"
10.04.2019,"71,73"
09.04.2019,"70,61"
08.04.2019,"71,10"
05.04.2019,"70,34"
04.04.2019,"69,40"
03.04.2019,"69,31"
02.04.2019,"69,37"
01.04.2019,"69,01"
29.03.2019,"68,39"
28.03.2019,"67,82"
27.03.2019,"67,83"
26.03.2019,"67,97"
25.03.2019,"67,21"
22.03.2019,"67,03"
21.03.2019,"67,86"
20.03.2019,"68,50"
19.03.2019,"67,61"
18.03.2019,"67,54"
15.03.2019,"67,16"
14.03.2019,"67,23"
13.03.2019,"67,55"
12.03.2019,"66,67"
11.03.2019,"66,58"
08.03.2019,"65,74"
07.03.2019,"66,30"
06.03.2019,"65,99"
05.03.2019,"65,86"
04.03.2019,"65,67"
01.03.2019,"65,07"
28.02.2019,"66,03"
27.02.2019,"66,39"
26.02.2019,"65,21"
25.02.2019,"64,76"
22.02.2019,"67,12"
21.02.2019,"67,07"
20.02.2019,"67,08"
19.02.2019,"66,45"
18.02.2019,"66,50"
15.02.2019,"66,25"
14.02.2019,"64,57"
13.02.2019,"63,61"
12.02.2019,"62,42"
11.02.2019,"61,51"
08.02.2019,"62,10"
07.02.2019,"61,63"
06.02.2019,"62,69"
05.02.2019,"61,98"
04.02.2019,"62,51"
01.02.2019,"62,75"
31.01.2019,"61,89"
30.01.2019,"61,65"
29.01.2019,"61,32"
28.01.2019,"59,93"
25.01.2019,"61,64"
24.01.2019,"61,09"
23.01.2019,"61,14"
22.01.2019,"61,50"
21.01.2019,"62,74"
18.01.2019,"62,70"
17.01.2019,"61,18"
16.01.2019,"61,32"
15.01.2019,"60,64"
14.01.2019,"58,99"
11.01.2019,"60,48"
10.01.2019,"61,68"
09.01.2019,"61,44"
08.01.2019,"58,72"
07.01.2019,"57,33"
04.01.2019,"57,06"
03.01.2019,"55,95"
02.01.2019,"54,91"
31.12.2018,"53,80"
28.12.2018,"52,20"
27.12.2018,"52,16"
26.12.2018,"54,47"
24.12.2018,"50,47"
21.12.2018,"53,82"
20.12.2018,"54,35"
19.12.2018,"57,24"
18.12.2018,"56,26"
17.12.2018,"59,61"
14.12.2018,"60,28"
13.12.2018,"61,45"
12.12.2018,"60,15"
11.12.2018,"60,20"
10.12.2018,"59,97"
07.12.2018,"61,67"
06.12.2018,"60,06"
05.12.2018,"61,56"
04.12.2018,"62,08"
03.12.2018,"61,69"
30.11.2018,"58,71"
29.11.2018,"59,51"
28.11.2018,"58,76"
27.11.2018,"60,21"
26.11.2018,"60,48"
23.11.2018,"58,80"
22.11.2018,"62,60"
21.11.2018,"63,48"
20.11.2018,"62,53"
19.11.2018,"66,79"
16.11.2018,"66,76"
15.11.2018,"66,62"
14.11.2018,"66,12"
13.11.2018,"65,47"
12.11.2018,"70,12"
09.11.2018,"70,18"
08.11.2018,"70,65"
07.11.2018,"72,07"
06.11.2018,"72,13"
05.11.2018,"73,17"
02.11.2018,"72,83"
01.11.2018,"72,89"
31.10.2018,"75,47"
30.10.2018,"75,91"
29.10.2018,"77,34"
26.10.2018,"77,62"
25.10.2018,"76,89"
24.10.2018,"76,17"
23.10.2018,"76,44"
22.10.2018,"79,83"
19.10.2018,"79,78"
18.10.2018,"79,29"
17.10.2018,"80,05"
16.10.2018,"81,41"
15.10.2018,"80,78"
12.10.2018,"80,43"
11.10.2018,"80,26"
10.10.2018,"83,09"
09.10.2018,"85,00"
08.10.2018,"83,91"
05.10.2018,"84,16"
04.10.2018,"84,58"
03.10.2018,"86,29"
02.10.2018,"84,80"
01.10.2018,"84,98"
28.09.2018,"82,72"
27.09.2018,"81,72"
26.09.2018,"81,34"
25.09.2018,"81,87"
24.09.2018,"81,20"
21.09.2018,"78,80"
20.09.2018,"78,70"
19.09.2018,"79,40"
18.09.2018,"79,03"
17.09.2018,"78,05"
14.09.2018,"78,09"
13.09.2018,"78,18"
12.09.2018,"79,74"
11.09.2018,"79,06"
10.09.2018,"77,37"
07.09.2018,"76,83"
06.09.2018,"76,50"
05.09.2018,"77,27"
04.09.2018,"78,17"
03.09.2018,"78,15"
31.08.2018,"77,42"
30.08.2018,"77,77"
29.08.2018,"77,14"
28.08.2018,"75,95"
27.08.2018,"76,21"
24.08.2018,"75,82"
23.08.2018,"74,73"
22.08.2018,"74,78"
21.08.2018,"72,63"
20.08.2018,"72,21"
17.08.2018,"71,83"
16.08.2018,"71,43"
15.08.2018,"70,76"
14.08.2018,"72,46"
13.08.2018,"72,61"
10.08.2018,"72,81"
09.08.2018,"72,07"
08.08.2018,"72,28"
07.08.2018,"74,65"
06.08.2018,"73,75"
03.08.2018,"73,21"
02.08.2018,"73,45"
01.08.2018,"72,39"
31.07.2018,"74,25"
30.07.2018,"74,97"
27.07.2018,"74,29"
26.07.2018,"74,54"
25.07.2018,"73,93"
24.07.2018,"73,44"
23.07.2018,"73,06"
20.07.2018,"73,07"
19.07.2018,"72,58"
18.07.2018,"72,90"
17.07.2018,"72,16"
16.07.2018,"71,84"
13.07.2018,"75,33"
12.07.2018,"74,45"
11.07.2018,"73,40"
10.07.2018,"78,86"
09.07.2018,"78,07"
06.07.2018,"77,11"
05.07.2018,"77,39"
04.07.2018,"78,24"
03.07.2018,"77,76"
02.07.2018,"77,30"
29.06.2018,"79,44"
28.06.2018,"77,85"
27.06.2018,"77,62"
26.06.2018,"76,31"
25.06.2018,"74,73"
22.06.2018,"75,55"
21.06.2018,"73,05"
20.06.2018,"74,74"
19.06.2018,"75,08"
18.06.2018,"75,34"
15.06.2018,"73,44"
14.06.2018,"75,94"
13.06.2018,"76,74"
12.06.2018,"75,88"
11.06.2018,"76,46"
08.06.2018,"76,46"
07.06.2018,"77,32"
06.06.2018,"75,36"
05.06.2018,"75,38"
04.06.2018,"75,29"
01.06.2018,"76,79"
31.05.2018,"77,59"
30.05.2018,"77,50"
29.05.2018,"75,39"
28.05.2018,"75,30"
25.05.2018,"76,44"
24.05.2018,"78,79"
23.05.2018,"79,80"
22.05.2018,"79,57"
21.05.2018,"79,22"
18.05.2018,"78,51"
17.05.2018,"79,30"
16.05.2018,"79,28"
15.05.2018,"78,43"
14.05.2018,"78,23"
11.05.2018,"77,12"
10.05.2018,"77,47"
09.05.2018,"77,21"
08.05.2018,"74,85"
07.05.2018,"76,17"
04.05.2018,"74,87"
03.05.2018,"73,62"
02.05.2018,"73,36"
01.05.2018,"73,13"
30.04.2018,"75,17"
27.04.2018,"74,64"
26.04.2018,"74,74"
25.04.2018,"74,00"
24.04.2018,"73,86"
23.04.2018,"74,71"
20.04.2018,"74,06"
19.04.2018,"73,78"
18.04.2018,"73,48"
17.04.2018,"71,58"
16.04.2018,"71,42"
13.04.2018,"72,58"
12.04.2018,"72,02"
11.04.2018,"72,06"
10.04.2018,"71,04"
09.04.2018,"68,65"
06.04.2018,"67,11"
05.04.2018,"68,33"
04.04.2018,"68,02"
03.04.2018,"68,12"
02.04.2018,"67,64"
29.03.2018,"70,27"
28.03.2018,"69,53"
27.03.2018,"70,11"
26.03.2018,"70,12"
23.03.2018,"70,45"
22.03.2018,"68,91"
21.03.2018,"69,47"
20.03.2018,"67,42"
19.03.2018,"66,05"
16.03.2018,"66,21"
15.03.2018,"65,12"
14.03.2018,"64,89"
13.03.2018,"64,64"
12.03.2018,"64,95"
09.03.2018,"65,49"
08.03.2018,"63,61"
07.03.2018,"64,34"
06.03.2018,"65,79"
05.03.2018,"65,54"
02.03.2018,"64,37"
01.03.2018,"63,83"
28.02.2018,"65,78"
27.02.2018,"66,63"
26.02.2018,"67,50"
23.02.2018,"67,31"
22.02.2018,"66,39"
21.02.2018,"65,42"
20.02.2018,"65,25"
19.02.2018,"65,67"
16.02.2018,"64,84"
15.02.2018,"64,33"
14.02.2018,"64,36"
13.02.2018,"62,72"
12.02.2018,"62,59"
09.02.2018,"62,79"
08.02.2018,"64,81"
07.02.2018,"65,51"
06.02.2018,"66,86"
05.02.2018,"67,62"
02.02.2018,"68,58"
01.02.2018,"69,65"
31.01.2018,"69,05"
30.01.2018,"69,02"
29.01.2018,"69,46"
26.01.2018,"70,52"
25.01.2018,"70,42"
24.01.2018,"70,53"
23.01.2018,"69,96"
22.01.2018,"69,03"
19.01.2018,"68,61"
18.01.2018,"69,31"
17.01.2018,"69,38"
16.01.2018,"69,15"
15.01.2018,"70,26"
12.01.2018,"69,87"
11.01.2018,"69,26"
10.01.2018,"69,20"
09.01.2018,"68,82"
08.01.2018,"67,78"
05.01.2018,"67,62"
04.01.2018,"68,07"
03.01.2018,"67,84"
02.01.2018,"66,57"
29.12.2017,"66,87"
28.12.2017,"66,72"
27.12.2017,"66,44"
26.12.2017,"67,02"
22.12.2017,"65,25"
21.12.2017,"64,90"
20.12.2017,"64,56"
19.12.2017,"63,80"
18.12.2017,"63,41"
15.12.2017,"63,23"
14.12.2017,"63,31"
13.12.2017,"62,44"
12.12.2017,"63,34"
11.12.2017,"64,69"
08.12.2017,"63,40"
07.12.2017,"62,20"
06.12.2017,"61,22"
05.12.2017,"62,86"
04.12.2017,"62,45"
01.12.2017,"63,73"
30.11.2017,"63,57"
29.11.2017,"63,11"
28.11.2017,"63,61"
27.11.2017,"63,84"
24.11.2017,"63,86"
23.11.2017,"63,55"
22.11.2017,"63,32"
21.11.2017,"62,57"
20.11.2017,"62,22"
17.11.2017,"62,72"
16.11.2017,"61,36"
15.11.2017,"61,87"
14.11.2017,"62,21"
13.11.2017,"63,16"
10.11.2017,"63,52"
09.11.2017,"63,93"
08.11.2017,"63,49"
07.11.2017,"63,69"
06.11.2017,"64,27"
03.11.2017,"62,07"
02.11.2017,"60,62"
01.11.2017,"60,49"
31.10.2017,"61,37"
30.10.2017,"60,90"
27.10.2017,"60,44"
26.10.2017,"59,30"
25.10.2017,"58,44"
24.10.2017,"58,33"
23.10.2017,"57,37"
20.10.2017,"57,75"
19.10.2017,"57,23"
18.10.2017,"58,15"
17.10.2017,"57,88"
16.10.2017,"57,82"
13.10.2017,"57,17"
12.10.2017,"56,25"
11.10.2017,"56,94"
10.10.2017,"56,61"
09.10.2017,"55,79"
06.10.2017,"55,62"
05.10.2017,"57,00"
04.10.2017,"55,80"
03.10.2017,"56,00"
02.10.2017,"56,12"
29.09.2017,"57,54"
28.09.2017,"57,41"
27.09.2017,"57,90"
26.09.2017,"58,44"
25.09.2017,"59,02"
22.09.2017,"56,86"
21.09.2017,"56,43"
20.09.2017,"56,29"
19.09.2017,"55,14"
18.09.2017,"55,48"
15.09.2017,"55,62"
14.09.2017,"55,47"
13.09.2017,"55,16"
12.09.2017,"54,27"
11.09.2017,"53,84"
08.09.2017,"53,78"
07.09.2017,"54,49"
06.09.2017,"54,20"
05.09.2017,"53,38"
04.09.2017,"52,34"
01.09.2017,"52,75"
31.08.2017,"52,38"
30.08.2017,"50,86"
29.08.2017,"52,00"
28.08.2017,"51,89"
25.08.2017,"52,41"
24.08.2017,"52,04"
23.08.2017,"52,57"
22.08.2017,"51,87"
21.08.2017,"51,66"
18.08.2017,"52,72"
17.08.2017,"51,03"
16.08.2017,"50,27"
15.08.2017,"50,80"
14.08.2017,"50,73"
11.08.2017,"52,10"
10.08.2017,"51,90"
09.08.2017,"52,70"
08.08.2017,"52,14"
07.08.2017,"52,37"
04.08.2017,"52,42"
03.08.2017,"52,01"
02.08.2017,"52,36"
01.08.2017,"51,78"
31.07.2017,"52,65"
28.07.2017,"52,52"
27.07.2017,"51,49"
26.07.2017,"50,97"
25.07.2017,"50,20"
24.07.2017,"48,60"
21.07.2017,"48,06"
20.07.2017,"49,30"
19.07.2017,"49,70"
18.07.2017,"48,84"
17.07.2017,"48,42"
14.07.2017,"48,91"
13.07.2017,"48,42"
12.07.2017,"47,74"
11.07.2017,"47,52"
10.07.2017,"46,88"
07.07.2017,"46,71"
06.07.2017,"48,11"
05.07.2017,"47,79"
04.07.2017,"49,61"
03.07.2017,"49,68"
30.06.2017,"47,92"
29.06.2017,"47,42"
28.06.2017,"47,31"
27.06.2017,"46,65"
26.06.2017,"45,83"
23.06.2017,"45,54"
22.06.2017,"45,22"
21.06.2017,"44,82"
20.06.2017,"46,02"
19.06.2017,"46,91"
16.06.2017,"47,37"
15.06.2017,"46,92"
14.06.2017,"47,00"
13.06.2017,"48,72"
12.06.2017,"48,29"
09.06.2017,"48,15"
08.06.2017,"47,86"
07.06.2017,"48,06"
06.06.2017,"50,12"
05.06.2017,"49,47"
02.06.2017,"49,95"
01.06.2017,"50,63"
31.05.2017,"50,31"
30.05.2017,"51,84"
29.05.2017,"52,29"
26.05.2017,"52,15"
25.05.2017,"51,46"
24.05.2017,"53,96"
23.05.2017,"54,15"
22.05.2017,"53,87"
19.05.2017,"53,61"
18.05.2017,"52,51"
17.05.2017,"52,21"
16.05.2017,"51,65"
15.05.2017,"51,82"
12.05.2017,"50,84"
11.05.2017,"50,77"
10.05.2017,"50,22"
09.05.2017,"48,73"
08.05.2017,"49,34"
05.05.2017,"49,10"
04.05.2017,"48,38"
03.05.2017,"50,79"
02.05.2017,"50,46"
01.05.2017,"51,52"
28.04.2017,"51,73"
27.04.2017,"51,44"
26.04.2017,"51,82"
25.04.2017,"52,10"
24.04.2017,"51,60"
21.04.2017,"51,96"
20.04.2017,"52,99"
19.04.2017,"52,93"
18.04.2017,"54,89"
17.04.2017,"55,36"
13.04.2017,"55,89"
12.04.2017,"55,86"
11.04.2017,"56,23"
10.04.2017,"55,98"
07.04.2017,"55,24"
06.04.2017,"54,89"
05.04.2017,"54,36"
04.04.2017,"54,17"
03.04.2017,"53,12"
31.03.2017,"52,83"
30.03.2017,"52,96"
29.03.2017,"52,42"
28.03.2017,"51,33"
27.03.2017,"50,75"
24.03.2017,"50,80"
23.03.2017,"50,56"
22.03.2017,"50,64"
21.03.2017,"50,96"
20.03.2017,"51,62"
17.03.2017,"51,76"
16.03.2017,"51,74"
15.03.2017,"51,81"
14.03.2017,"50,92"
13.03.2017,"51,35"
10.03.2017,"51,37"
09.03.2017,"52,19"
08.03.2017,"53,11"
07.03.2017,"55,92"
06.03.2017,"56,01"
03.03.2017,"55,90"
02.03.2017,"55,08"
01.03.2017,"56,36"
28.02.2017,"55,59"
27.02.2017,"55,93"
24.02.2017,"55,99"
23.02.2017,"56,58"
22.02.2017,"55,84"
21.02.2017,"56,66"
20.02.2017,"56,18"
17.02.2017,"55,81"
16.02.2017,"55,65"
15.02.2017,"55,75"
14.02.2017,"55,97"
13.02.2017,"55,59"
10.02.2017,"56,70"
09.02.2017,"55,63"
08.02.2017,"55,12"
07.02.2017,"55,05"
06.02.2017,"55,72"
03.02.2017,"56,81"
02.02.2017,"56,56"
01.02.2017,"56,80"
31.01.2017,"55,70"
30.01.2017,"55,23"
27.01.2017,"55,52"
26.01.2017,"56,24"
25.01.2017,"55,08"
24.01.2017,"55,44"
23.01.2017,"55,23"
20.01.2017,"55,49"
19.01.2017,"54,16"
18.01.2017,"53,92"
17.01.2017,"55,47"
16.01.2017,"55,86"
13.01.2017,"55,45"
12.01.2017,"56,01"
11.01.2017,"55,10"
10.01.2017,"53,64"
09.01.2017,"54,94"
06.01.2017,"57,10"
05.01.2017,"56,89"
04.01.2017,"56,46"
03.01.2017,"55,47"
02.01.2017,"56,82"
30.12.2016,"56,82"
29.12.2016,"56,14"
28.12.2016,"56,22"
27.12.2016,"56,09"
23.12.2016,"55,16"
22.12.2016,"55,05"
21.12.2016,"54,46"
20.12.2016,"55,35"
19.12.2016,"54,92"
16.12.2016,"55,21"
15.12.2016,"54,02"
14.12.2016,"53,90"
13.12.2016,"55,72"
12.12.2016,"55,69"
09.12.2016,"54,33"
08.12.2016,"53,89"
07.12.2016,"53,00"
06.12.2016,"53,93"
05.12.2016,"54,94"
02.12.2016,"54,46"
01.12.2016,"53,94"
30.11.2016,"50,47"
29.11.2016,"46,38"
28.11.2016,"48,24"
25.11.2016,"47,24"
24.11.2016,"49,00"
23.11.2016,"48,95"
22.11.2016,"49,12"
21.11.2016,"48,90"
18.11.2016,"46,86"
17.11.2016,"46,49"
16.11.2016,"46,63"
15.11.2016,"46,95"
14.11.2016,"44,43"
11.11.2016,"44,75"
10.11.2016,"45,84"
09.11.2016,"46,36"
08.11.2016,"46,04"
07.11.2016,"46,15"
04.11.2016,"45,58"
03.11.2016,"46,35"
02.11.2016,"46,86"
01.11.2016,"48,14"
31.10.2016,"48,30"
28.10.2016,"49,71"
27.10.2016,"50,47"
26.10.2016,"49,98"
25.10.2016,"50,79"
24.10.2016,"51,46"
21.10.2016,"51,78"
20.10.2016,"51,38"
19.10.2016,"52,67"
18.10.2016,"51,68"
17.10.2016,"51,52"
14.10.2016,"51,95"
13.10.2016,"52,03"
12.10.2016,"51,81"
11.10.2016,"52,41"
10.10.2016,"53,14"
07.10.2016,"51,93"
06.10.2016,"52,51"
05.10.2016,"51,86"
04.10.2016,"50,87"
03.10.2016,"50,89"
30.09.2016,"49,06"
29.09.2016,"49,24"
28.09.2016,"48,69"
27.09.2016,"45,97"
26.09.2016,"47,35"
23.09.2016,"45,89"
22.09.2016,"47,65"
21.09.2016,"46,83"
20.09.2016,"45,88"
19.09.2016,"45,95"
16.09.2016,"45,77"
15.09.2016,"46,59"
14.09.2016,"45,85"
13.09.2016,"47,10"
12.09.2016,"48,32"
09.09.2016,"48,01"
08.09.2016,"49,99"
07.09.2016,"47,98"
06.09.2016,"47,26"
05.09.2016,"47,63"
02.09.2016,"46,83"
01.09.2016,"45,45"
31.08.2016,"47,04"
30.08.2016,"48,37"
29.08.2016,"49,26"
26.08.2016,"49,92"
25.08.2016,"49,67"
24.08.2016,"49,05"
23.08.2016,"49,96"
22.08.2016,"49,16"
19.08.2016,"50,88"
18.08.2016,"50,89"
17.08.2016,"49,85"
16.08.2016,"49,23"
15.08.2016,"48,35"
12.08.2016,"46,97"
11.08.2016,"46,04"
10.08.2016,"44,05"
09.08.2016,"44,98"
08.08.2016,"45,39"
05.08.2016,"44,27"
04.08.2016,"44,29"
03.08.2016,"43,10"
02.08.2016,"41,80"
01.08.2016,"42,14"
29.07.2016,"42,46"
28.07.2016,"42,70"
27.07.2016,"43,47"
26.07.2016,"44,87"
25.07.2016,"44,72"
22.07.2016,"45,69"
21.07.2016,"46,20"
20.07.2016,"47,17"
19.07.2016,"46,66"
18.07.2016,"46,96"
15.07.2016,"47,61"
14.07.2016,"47,37"
13.07.2016,"46,26"
12.07.2016,"48,47"
11.07.2016,"46,25"
08.07.2016,"46,76"
07.07.2016,"46,40"
06.07.2016,"48,80"
05.07.2016,"47,96"
04.07.2016,"50,10"
01.07.2016,"50,35"
30.06.2016,"49,68"
29.06.2016,"50,61"
28.06.2016,"48,58"
27.06.2016,"47,16"
24.06.2016,"48,41"
23.06.2016,"50,91"
22.06.2016,"49,88"
21.06.2016,"50,62"
20.06.2016,"50,65"
17.06.2016,"49,17"
16.06.2016,"47,19"
15.06.2016,"48,97"
14.06.2016,"49,83"
13.06.2016,"50,35"
10.06.2016,"50,54"
09.06.2016,"51,95"
08.06.2016,"52,51"
07.06.2016,"51,44"
06.06.2016,"50,55"
03.06.2016,"49,64"
02.06.2016,"50,04"
01.06.2016,"49,72"
31.05.2016,"49,69"
30.05.2016,"49,76"
27.05.2016,"49,32"
26.05.2016,"49,59"
25.05.2016,"49,74"
24.05.2016,"48,61"
23.05.2016,"48,35"
20.05.2016,"48,72"
19.05.2016,"48,81"
18.05.2016,"48,93"
17.05.2016,"49,28"
16.05.2016,"48,97"
13.05.2016,"47,83"
12.05.2016,"48,08"
11.05.2016,"47,60"
10.05.2016,"45,52"
09.05.2016,"43,63"
06.05.2016,"45,37"
05.05.2016,"45,01"
04.05.2016,"44,62"
03.05.2016,"44,97"
02.05.2016,"45,83"
29.04.2016,"48,13"
28.04.2016,"48,14"
27.04.2016,"47,18"
26.04.2016,"45,74"
25.04.2016,"44,48"
22.04.2016,"45,11"
21.04.2016,"44,53"
20.04.2016,"45,80"
19.04.2016,"44,03"
18.04.2016,"42,91"
15.04.2016,"43,10"
14.04.2016,"43,84"
13.04.2016,"44,18"
12.04.2016,"44,69"
11.04.2016,"42,83"
08.04.2016,"41,94"
07.04.2016,"39,43"
06.04.2016,"39,84"
05.04.2016,"37,87"
04.04.2016,"37,69"
01.04.2016,"38,67"
31.03.2016,"39,60"
30.03.2016,"39,26"
29.03.2016,"39,14"
28.03.2016,"40,27"
24.03.2016,"40,44"
23.03.2016,"40,47"
22.03.2016,"41,79"
21.03.2016,"41,54"
18.03.2016,"41,20"
17.03.2016,"41,54"
16.03.2016,"40,33"
15.03.2016,"38,74"
14.03.2016,"39,53"
11.03.2016,"40,39"
10.03.2016,"40,05"
09.03.2016,"41,07"
08.03.2016,"39,65"
07.03.2016,"40,84"
04.03.2016,"38,72"
03.03.2016,"37,07"
02.03.2016,"36,93"
01.03.2016,"36,81"
29.02.2016,"35,97"
26.02.2016,"35,10"
25.02.2016,"35,29"
24.02.2016,"34,41"
23.02.2016,"33,27"
22.02.2016,"34,69"
19.02.2016,"33,01"
18.02.2016,"34,28"
17.02.2016,"34,50"
16.02.2016,"32,18"
15.02.2016,"33,39"
12.02.2016,"33,36"
11.02.2016,"30,06"
10.02.2016,"30,84"
09.02.2016,"30,32"
08.02.2016,"32,88"
05.02.2016,"34,06"
04.02.2016,"34,46"
03.02.2016,"35,04"
02.02.2016,"32,72"
01.02.2016,"34,24"
29.01.2016,"34,74"
28.01.2016,"33,89"
27.01.2016,"33,10"
26.01.2016,"31,80"
25.01.2016,"30,50"
22.01.2016,"32,18"
21.01.2016,"29,25"
20.01.2016,"27,88"
19.01.2016,"28,76"
18.01.2016,"28,55"
15.01.2016,"28,94"
14.01.2016,"31,03"
13.01.2016,"30,31"
12.01.2016,"30,86"
11.01.2016,"31,55"
08.01.2016,"33,55"
07.01.2016,"33,75"
06.01.2016,"34,23"
05.01.2016,"36,42"
04.01.2016,"37,22"
31.12.2015,"37,28"
30.12.2015,"36,46"
29.12.2015,"37,79"
28.12.2015,"36,62"
24.12.2015,"37,89"
23.12.2015,"37,36"
22.12.2015,"36,11"
21.12.2015,"36,35"
18.12.2015,"36,88"
17.12.2015,"37,06"
16.12.2015,"37,19"
15.12.2015,"38,45"
14.12.2015,"37,92"
11.12.2015,"37,93"
10.12.2015,"39,73"
09.12.2015,"40,11"
08.12.2015,"40,26"
07.12.2015,"40,73"
04.12.2015,"43,00"
03.12.2015,"43,84"
02.12.2015,"42,49"
01.12.2015,"44,44"
30.11.2015,"44,61"
27.11.2015,"44,86"
26.11.2015,"45,46"
25.11.2015,"46,17"
24.11.2015,"46,12"
23.11.2015,"44,83"
20.11.2015,"44,66"
19.11.2015,"44,18"
18.11.2015,"44,14"
17.11.2015,"43,57"
16.11.2015,"44,56"
13.11.2015,"43,61"
12.11.2015,"44,06"
11.11.2015,"45,81"
10.11.2015,"47,44"
09.11.2015,"47,19"
06.11.2015,"47,42"
05.11.2015,"47,98"
04.11.2015,"48,58"
03.11.2015,"50,54"
02.11.2015,"48,79"
30.10.2015,"49,56"
29.10.2015,"48,80"
28.10.2015,"49,05"
27.10.2015,"46,81"
26.10.2015,"47,54"
23.10.2015,"47,99"
22.10.2015,"48,08"
21.10.2015,"47,85"
20.10.2015,"48,71"
19.10.2015,"48,61"
16.10.2015,"50,46"
15.10.2015,"48,71"
14.10.2015,"49,15"
13.10.2015,"49,24"
12.10.2015,"49,86"
09.10.2015,"52,65"
08.10.2015,"53,05"
07.10.2015,"51,33"
06.10.2015,"51,92"
05.10.2015,"49,25"
02.10.2015,"48,13"
01.10.2015,"47,69"
30.09.2015,"48,37"
29.09.2015,"48,23"
28.09.2015,"47,34"
25.09.2015,"48,60"
24.09.2015,"48,17"
23.09.2015,"47,75"
22.09.2015,"49,08"
21.09.2015,"48,92"
18.09.2015,"47,47"
17.09.2015,"49,08"
16.09.2015,"49,75"
15.09.2015,"46,63"
14.09.2015,"46,37"
11.09.2015,"48,14"
10.09.2015,"48,89"
09.09.2015,"47,58"
08.09.2015,"49,52"
07.09.2015,"47,63"
04.09.2015,"49,61"
03.09.2015,"50,68"
02.09.2015,"50,50"
01.09.2015,"49,56"
31.08.2015,"54,15"
28.08.2015,"50,05"
27.08.2015,"47,56"
26.08.2015,"43,14"
25.08.2015,"43,21"
24.08.2015,"42,69"
21.08.2015,"45,46"
20.08.2015,"46,62"
19.08.2015,"47,16"
18.08.2015,"48,81"
17.08.2015,"48,74"
14.08.2015,"49,03"
13.08.2015,"49,22"
12.08.2015,"49,66"
11.08.2015,"49,18"
10.08.2015,"50,41"
07.08.2015,"48,61"
06.08.2015,"49,52"
05.08.2015,"49,59"
04.08.2015,"49,99"
03.08.2015,"49,52"
31.07.2015,"52,21"
30.07.2015,"53,31"
29.07.2015,"53,38"
28.07.2015,"53,30"
27.07.2015,"53,47"
24.07.2015,"54,62"
23.07.2015,"55,27"
22.07.2015,"56,13"
21.07.2015,"57,04"
20.07.2015,"56,65"
17.07.2015,"57,10"
16.07.2015,"57,51"
15.07.2015,"57,05"
14.07.2015,"58,51"
13.07.2015,"57,85"
10.07.2015,"58,73"
09.07.2015,"58,61"
08.07.2015,"57,05"
07.07.2015,"56,85"
06.07.2015,"56,54"
03.07.2015,"60,32"
02.07.2015,"62,07"
01.07.2015,"62,01"
30.06.2015,"63,59"
29.06.2015,"62,01"
26.06.2015,"63,26"
25.06.2015,"63,20"
24.06.2015,"63,49"
23.06.2015,"64,45"
22.06.2015,"63,34"
19.06.2015,"63,02"
18.06.2015,"64,26"
17.06.2015,"63,87"
16.06.2015,"63,70"
15.06.2015,"62,61"
12.06.2015,"63,87"
11.06.2015,"65,11"
10.06.2015,"65,70"
09.06.2015,"64,88"
08.06.2015,"62,69"
05.06.2015,"63,31"
04.06.2015,"62,03"
03.06.2015,"63,80"
02.06.2015,"65,49"
01.06.2015,"64,88"
29.05.2015,"65,56"
28.05.2015,"62,58"
27.05.2015,"62,06"
26.05.2015,"63,72"
25.05.2015,"65,52"
22.05.2015,"65,37"
21.05.2015,"66,54"
20.05.2015,"65,03"
19.05.2015,"64,02"
18.05.2015,"66,27"
15.05.2015,"66,81"
14.05.2015,"66,59"
13.05.2015,"66,81"
12.05.2015,"66,86"
11.05.2015,"64,91"
08.05.2015,"65,39"
07.05.2015,"65,54"
06.05.2015,"67,77"
05.05.2015,"67,52"
04.05.2015,"66,45"
01.05.2015,"66,46"
30.04.2015,"66,78"
29.04.2015,"65,84"
28.04.2015,"64,64"
27.04.2015,"64,83"
24.04.2015,"65,28"
23.04.2015,"64,85"
22.04.2015,"62,73"
21.04.2015,"62,08"
20.04.2015,"63,45"
17.04.2015,"63,45"
16.04.2015,"63,98"
15.04.2015,"60,32"
14.04.2015,"58,43"
13.04.2015,"57,93"
10.04.2015,"57,87"
09.04.2015,"56,57"
08.04.2015,"55,55"
07.04.2015,"59,10"
06.04.2015,"58,12"
02.04.2015,"54,95"
01.04.2015,"57,10"
31.03.2015,"55,11"
30.03.2015,"56,29"
27.03.2015,"56,41"
26.03.2015,"59,19"
25.03.2015,"56,48"
24.03.2015,"55,11"
23.03.2015,"55,92"
20.03.2015,"55,32"
19.03.2015,"54,43"
18.03.2015,"55,91"
17.03.2015,"53,51"
16.03.2015,"53,44"
13.03.2015,"54,67"
12.03.2015,"57,08"
11.03.2015,"57,54"
10.03.2015,"56,39"
09.03.2015,"58,53"
06.03.2015,"59,73"
05.03.2015,"60,48"
04.03.2015,"60,55"
03.03.2015,"61,02"
02.03.2015,"59,54"
27.02.2015,"62,58"
26.02.2015,"60,05"
25.02.2015,"61,63"
24.02.2015,"58,66"
23.02.2015,"58,90"
20.02.2015,"60,22"
19.02.2015,"60,21"
18.02.2015,"60,53"
17.02.2015,"62,53"
16.02.2015,"61,40"
13.02.2015,"61,52"
12.02.2015,"57,05"
11.02.2015,"54,66"
10.02.2015,"56,43"
09.02.2015,"58,34"
06.02.2015,"57,80"
05.02.2015,"56,57"
04.02.2015,"54,16"
03.02.2015,"57,91"
02.02.2015,"54,75"
30.01.2015,"52,99"
29.01.2015,"49,13"
28.01.2015,"48,47"
27.01.2015,"49,60"
26.01.2015,"48,16"
23.01.2015,"48,79"
22.01.2015,"48,52"
21.01.2015,"49,03"
20.01.2015,"47,99"
19.01.2015,"48,84"
16.01.2015,"50,17"
15.01.2015,"47,67"
14.01.2015,"48,69"
13.01.2015,"46,59"
12.01.2015,"47,43"
09.01.2015,"50,11"
08.01.2015,"50,96"
07.01.2015,"51,15"
06.01.2015,"51,10"
05.01.2015,"53,11"
02.01.2015,"56,42"
31.12.2014,"57,33"
30.12.2014,"57,90"
29.12.2014,"57,88"
26.12.2014,"59,45"
24.12.2014,"60,24"
23.12.2014,"61,69"
22.12.2014,"60,11"
19.12.2014,"61,38"
18.12.2014,"59,27"
17.12.2014,"61,18"
16.12.2014,"59,86"
15.12.2014,"61,06"
12.12.2014,"61,85"
11.12.2014,"63,68"
10.12.2014,"64,24"
09.12.2014,"66,84"
08.12.2014,"66,19"
05.12.2014,"69,07"
04.12.2014,"69,64"
03.12.2014,"69,92"
02.12.2014,"70,54"
01.12.2014,"72,54"
28.11.2014,"70,15"
27.11.2014,"72,58"
26.11.2014,"77,75"
25.11.2014,"78,33"
24.11.2014,"79,68"
21.11.2014,"80,36"
20.11.2014,"79,33"
19.11.2014,"78,10"
18.11.2014,"78,47"
17.11.2014,"79,31"
14.11.2014,"79,41"
13.11.2014,"77,92"
12.11.2014,"80,38"
11.11.2014,"81,67"
10.11.2014,"82,34"
07.11.2014,"83,39"
06.11.2014,"82,86"
05.11.2014,"82,95"
04.11.2014,"82,82"
03.11.2014,"84,78"
31.10.2014,"85,86"
30.10.2014,"86,24"
29.10.2014,"87,12"
28.10.2014,"86,03"
27.10.2014,"85,83"
24.10.2014,"86,13"
23.10.2014,"86,83"
22.10.2014,"84,71"
21.10.2014,"86,22"
20.10.2014,"85,40"
17.10.2014,"86,16"
16.10.2014,"84,47"
15.10.2014,"83,78"
14.10.2014,"85,04"
13.10.2014,"88,89"
10.10.2014,"90,21"
09.10.2014,"90,05"
08.10.2014,"91,38"
07.10.2014,"92,11"
06.10.2014,"92,79"
03.10.2014,"92,31"
02.10.2014,"93,42"
01.10.2014,"94,16"
30.09.2014,"94,67"
29.09.2014,"97,20"
26.09.2014,"97,00"
25.09.2014,"97,00"
24.09.2014,"96,95"
23.09.2014,"96,85"
22.09.2014,"96,97"
19.09.2014,"98,39"
18.09.2014,"97,70"
17.09.2014,"98,97"
16.09.2014,"99,05"
15.09.2014,"96,65"
12.09.2014,"97,11"
11.09.2014,"98,08"
10.09.2014,"98,04"
09.09.2014,"99,16"
08.09.2014,"100,20"
05.09.2014,"100,82"
04.09.2014,"101,83"
03.09.2014,"102,77"
02.09.2014,"100,34"
01.09.2014,"102,79"
29.08.2014,"103,19"
28.08.2014,"102,46"
27.08.2014,"102,72"
26.08.2014,"102,50"
25.08.2014,"102,65"
22.08.2014,"102,29"
21.08.2014,"102,63"
20.08.2014,"102,28"
19.08.2014,"101,56"
18.08.2014,"101,60"
15.08.2014,"103,53"
14.08.2014,"102,01"
13.08.2014,"104,28"
12.08.2014,"103,02"
11.08.2014,"104,68"
08.08.2014,"105,02"
07.08.2014,"105,44"
06.08.2014,"104,59"
05.08.2014,"104,61"
04.08.2014,"105,41"
01.08.2014,"104,84"
31.07.2014,"106,02"
30.07.2014,"106,51"
29.07.2014,"107,72"
28.07.2014,"107,57"
25.07.2014,"108,39"
24.07.2014,"107,07"
23.07.2014,"108,03"
22.07.2014,"107,33"
21.07.2014,"107,68"
18.07.2014,"107,24"
17.07.2014,"107,89"
16.07.2014,"105,85"
15.07.2014,"106,02"
14.07.2014,"106,98"
11.07.2014,"106,66"
10.07.2014,"108,67"
09.07.2014,"108,28"
08.07.2014,"108,94"
07.07.2014,"110,24"
04.07.2014,"110,64"
03.07.2014,"111,00"
02.07.2014,"111,24"
01.07.2014,"112,29"
30.06.2014,"112,36"
27.06.2014,"113,30"
26.06.2014,"113,21"
25.06.2014,"114,00"
24.06.2014,"114,46"
23.06.2014,"114,12"
20.06.2014,"114,81"
19.06.2014,"115,06"
18.06.2014,"114,26"
17.06.2014,"113,45"
16.06.2014,"112,94"
13.06.2014,"113,41"
12.06.2014,"113,02"
11.06.2014,"109,95"
10.06.2014,"109,52"
09.06.2014,"109,99"
06.06.2014,"108,61"
05.06.2014,"108,79"
04.06.2014,"108,40"
03.06.2014,"108,82"
02.06.2014,"108,83"
30.05.2014,"109,41"
29.05.2014,"109,97"
28.05.2014,"109,81"
27.05.2014,"110,02"
26.05.2014,"110,32"
23.05.2014,"110,54"
22.05.2014,"110,36"
21.05.2014,"110,55"
20.05.2014,"109,69"
19.05.2014,"109,37"
16.05.2014,"109,75"
15.05.2014,"110,44"
14.05.2014,"110,19"
13.05.2014,"109,24"
12.05.2014,"108,41"
09.05.2014,"107,89"
08.05.2014,"108,04"
07.05.2014,"108,13"
06.05.2014,"107,06"
05.05.2014,"107,72"
02.05.2014,"108,59"
01.05.2014,"107,76"
30.04.2014,"108,07"
29.04.2014,"108,98"
28.04.2014,"108,12"
25.04.2014,"109,58"
24.04.2014,"110,33"
23.04.2014,"109,11"
22.04.2014,"109,27"
21.04.2014,"109,95"
17.04.2014,"109,53"
16.04.2014,"109,60"
15.04.2014,"108,74"
14.04.2014,"109,07"
11.04.2014,"107,33"
10.04.2014,"107,46"
09.04.2014,"107,98"
08.04.2014,"107,67"
07.04.2014,"105,82"
04.04.2014,"106,72"
03.04.2014,"106,15"
02.04.2014,"104,79"
01.04.2014,"105,62"
31.03.2014,"107,76"
28.03.2014,"108,07"
27.03.2014,"107,83"
26.03.2014,"107,03"
25.03.2014,"106,99"
24.03.2014,"106,81"
21.03.2014,"106,92"
20.03.2014,"106,45"
19.03.2014,"105,85"
18.03.2014,"106,79"
17.03.2014,"106,24"
14.03.2014,"108,57"
13.03.2014,"107,39"
12.03.2014,"108,02"
11.03.2014,"108,55"
10.03.2014,"108,08"
07.03.2014,"109,00"
06.03.2014,"108,10"
05.03.2014,"107,76"
04.03.2014,"109,30"
03.03.2014,"111,20"
28.02.2014,"109,07"
27.02.2014,"108,96"
26.02.2014,"109,52"
25.02.2014,"109,51"
24.02.2014,"110,64"
21.02.2014,"109,85"
20.02.2014,"110,30"
19.02.2014,"110,47"
18.02.2014,"110,46"
17.02.2014,"109,18"
14.02.2014,"109,08"
13.02.2014,"108,73"
12.02.2014,"108,79"
11.02.2014,"108,68"
10.02.2014,"108,63"
07.02.2014,"109,57"
06.02.2014,"107,19"
05.02.2014,"106,25"
04.02.2014,"105,78"
03.02.2014,"106,04"
31.01.2014,"106,40"
30.01.2014,"107,95"
29.01.2014,"107,85"
28.01.2014,"107,41"
27.01.2014,"106,69"
24.01.2014,"107,88"
23.01.2014,"107,58"
22.01.2014,"108,27"
21.01.2014,"106,73"
20.01.2014,"106,35"
17.01.2014,"106,48"
16.01.2014,"107,09"
15.01.2014,"107,13"
14.01.2014,"106,39"
13.01.2014,"106,75"
10.01.2014,"107,25"
09.01.2014,"106,39"
08.01.2014,"107,15"
07.01.2014,"107,35"
06.01.2014,"106,73"
03.01.2014,"106,89"
02.01.2014,"107,78"
01.01.2014,"110,92"
